TableS6 oligos used in this study,,
ID,name,sequence
CO5472,CEBPB_F,GCCAAGAAGACCGTGGACAA
CO5473,CEBPB_R,TGCGCACGGCGATGT
CO8063,GAPDH_F,AATGAAGGGGTCATTGATGG
CO8064,GAPDH_R,AAGGTGAAGGTCGGAGTCAA
CO9678,FDX1_F,GTGATTCTCTGCTAGATGTTGTGG
CO9679,FDX1_R,CCATATGCCAGATCGAGCATGTC
CO9703,rs10488763_150bp_alt,TCGCGGAGGAGAGCTCAATCACATTTTTGTCCCATGTACTAATGTAGCAAACAATTTCACAACCTTCCCTTTCTTTTACATGTGAGTCTTTATCATTTGGTTTTGTTCTCCTTTACTCCTGAACTCACTATCTCCTGATCACATGTATACACATTTCTCTGAAGCTTTGGTAAATTA
CO9704,rs10488763_150bp_ref,TCGCGGAGGAGAGCTCAATCACATTTTTGTCCCATGTACTAATGTAGCAAACAATTTCACAACCTTCCCTTTCTTTTACATGTGAGTCATTATCATTTGGTTTTGTTCTCCTTTACTCCTGAACTCACTATCTCCTGATCACATGTATACACATTTCTCTGAAGCTTTGGTAAATTA
CO9803,rs10488763_800bp_alt,TCGCGGAGGAGAGCTCCATGTTATTAGAAGAATGACACAATTTCAATCACATTTTTGTCCCATGTACTAATGTAGCAAACAATTTCACAACCTTCCCTTTCTTTTACATGTGAGTCTTTATCATTTGGTTTTGTTCTCCTTTACTCCTGAACTCACTATCTCCTGATCACATGTATACACATTTCTCTGATATCCTAGATCTTTATGGGTGATCAAGATTTTTGTATATTCTGTTTTGTTGCTTTCATACCCGCTAGTATCCTTTTTAAGTTTGACTCTTTTATACTTTGGGAGATGCCAAACAAATACTTCAGGAGAAAGGAGGCAGTGTGTTGAAAGGAAGTTGACAAAGCAAGAAGAAAAGAAGAAGAAGATATAAGGAGGAAACGTAGTGGCTCTTAAACAAAGATCTTGCATCTTTTCCTTCTTTAATTTTTTGGTTTGAGACAGAGTGTCACTCTGTCATCCAGGCTGGAGTACGGTGGTGCAACCTTGGCTCACTGCAACCTCCACCTGCTGGGTTCAAGCGATTCTCCTGCTTCAGCCTCCTGAGTAGCTGGGACTACAGGCGCAGGTTACCACGCCTGGCTAATTTTTGTATTTTTAGTGGAGGTGGGTTTCACCATGTGGGCCAGGCTGGTCTCGAACTCCTGACCTCAAATGATCCACCCACCTCGGCCTCCCAAAGTGCTGGGATTACAAAACAGAATTGCTTGAACCCAGGAGGGAGAGGTTGCAGTGAGCTGAGATGGCGCCACTGCACTCTAGCCTGGGCAACAGAGCGAGACTCCATCTCAAAAACAAACAAGCTTTGGTAAATTA
CO9804,rs10488763_800bp_ref,TCGCGGAGGAGAGCTCCATGTTATTAGAAGAATGACACAATTTCAATCACATTTTTGTCCCATGTACTAATGTAGCAAACAATTTCACAACCTTCCCTTTCTTTTACATGTGAGTCATTATCATTTGGTTTTGTTCTCCTTTACTCCTGAACTCACTATCTCCTGATCACATGTATACACATTTCTCTGATATCCTAGATCTTTATGGGTGATCAAGATTTTTGTATATTCTGTTTTGTTGCTTTCATACCCGCTAGTATCCTTTTTAAGTTTGACTCTTTTATACTTTGGGAGATGCCAAACAAATACTTCAGGAGAAAGGAGGCAGTGTGTTGAAAGGAAGTTGACAAAGCAAGAAGAAAAGAAGAAGAAGATATAAGGAGGAAACGTAGTGGCTCTTAAACAAAGATCTTGCATCTTTTCCTTCTTTAATTTTTTGGTTTGAGACAGAGTGTCACTCTGTCATCCAGGCTGGAGTACGGTGGTGCAACCTTGGCTCACTGCAACCTCCACCTGCTGGGTTCAAGCGATTCTCCTGCTTCAGCCTCCTGAGTAGCTGGGACTACAGGCGCAGGTTACCACGCCTGGCTAATTTTTGTATTTTTAGTGGAGGTGGGTTTCACCATGTGGGCCAGGCTGGTCTCGAACTCCTGACCTCAAATGATCCACCCACCTCGGCCTCCCAAAGTGCTGGGATTACAAAACAGAATTGCTTGAACCCAGGAGGGAGAGGTTGCAGTGAGCTGAGATGGCGCCACTGCACTCTAGCCTGGGCAACAGAGCGAGACTCCATCTCAAAAACAAACAAGCTTTGGTAAATTA
,,
,,
,,
,,
,,
,,
,,